"Source:","/Users/sapelectronic/Desktop/MMTC_TEST/esp32wroom32ubleversion3/esp32wroom32ubleversion3.kicad_sch"
"Date:","2023 April 04, Tuesday 15:50:57"
"Tool:","Eeschema (6.0.5-0)"
"Generator:","/Applications/KiCad/KiCad.app/Contents/SharedSupport/plugins/bom_csv_grouped_by_value_with_fp.py"
"Component Count:","31"
"Ref","Qnty","Value","Cmp name","Footprint","Description","Vendor"
"C1, C2, ","2","10uF","C","Capacitor_SMD:C_0603_1608Metric","Unpolarized capacitor",""
"C3, ","1","0.1uF","C","Capacitor_SMD:C_0603_1608Metric","Unpolarized capacitor",""
"C4, ","1","10uf","C_Polarized","Capacitor_Tantalum_SMD:CP_EIA-1608-10_AVX-L_Pad1.25x1.05mm_HandSolder","Polarized capacitor",""
"D1, ","1","LED_B","LED","LED_SMD:LED_0603_1608Metric","Light emitting diode",""
"D2, ","1","LED_G","LED","LED_SMD:LED_0603_1608Metric","Light emitting diode",""
"D3, ","1","SS16-E3_5AT","SS16-E3_5AT","custom_Library:SS16-E3_5AT","",""
"D4, ","1","LED_R","LED","LED_SMD:LED_0603_1608Metric","Light emitting diode",""
"F1, ","1","Polyfuse","Polyfuse","Resistor_SMD:R_1206_3216Metric","Resettable fuse, polymeric positive temperature coefficient",""
"J1, ","1","USB_B_Micro","USB_B_Micro","Connector_USB:USB_Micro-B_Amphenol_10118194_Horizontal","USB Micro Type B connector",""
"J2, J3, ","2","Conn_01x02","Conn_01x02","TestPoint:TestPoint_2Pads_Pitch2.54mm_Drill0.8mm","Generic connector, single row, 01x02, script generated (kicad-library-utils/schlib/autogen/connector/)",""
"J4, ","1","Conn_01x06","Conn_01x06","Connector_Molex:Molex_Pico-Lock_504050-0691_1x06-1MP_P1.50mm_Horizontal","Generic connector, single row, 01x06, script generated (kicad-library-utils/schlib/autogen/connector/)",""
"JP1, ","1","J_for_powermA","SolderJumper_3_Bridged12","Jumper:SolderJumper-3_P1.3mm_Bridged12_RoundedPad1.0x1.5mm_NumberLabels","3-pole Solder Jumper, pins 1+2 closed/bridged",""
"JP2, ","1","J_for_powerswitch","Jumper_2_Bridged","Button_Switch_SMD:SW_SPDT_PCM12","Jumper, 2-pole, closed/bridged",""
"R1, ","1","3k33","R","Resistor_SMD:R_0603_1608Metric","Resistor",""
"R2, ","1","2k","R","Resistor_SMD:R_0603_1608Metric","Resistor",""
"R3, R5, R7, ","3","1k","R","Resistor_SMD:R_0603_1608Metric","Resistor",""
"R4, ","1","27k","R","Resistor_SMD:R_0603_1608Metric","Resistor",""
"R6, R8, ","2","10k","R","Resistor_SMD:R_0603_1608Metric","Resistor",""
"R9, ","1","A9050","A9050","Resistor_THT:R_Axial_DIN0309_L9.0mm_D3.2mm_P2.54mm_Vertical","light dependent resistor",""
"R10, ","1","100k","R","Resistor_SMD:R_0603_1608Metric","Resistor",""
"S1, ","1","Reed_sensor","59170-1-T-00-D","custom_Library:591701T00D","",""
"SW1, ","1","SW_RST","SW_Push","Button_Switch_SMD:SW_SPST_CK_RS282G05A3","Push button switch, generic, two pins",""
"SW2, ","1","SW_flash","SW_Push","Button_Switch_SMD:SW_SPST_CK_RS282G05A3","Push button switch, generic, two pins",""
"U1, ","1","ESP32-WROOM-32U","ESP32-WROOM-32U","RF_Module:ESP32-WROOM-32U","RF Module, ESP32-D0WD SoC, Wi-Fi 802.11b/g/n, Bluetooth, BLE, 32-bit, 2.7-3.6V, external antenna, SMD",""
"U2, ","1","MCP73831-2-OT","MCP73831-2-OT","Package_TO_SOT_SMD:SOT-23-5","Single cell, Li-Ion/Li-Po charge management controller, 4.20V, Tri-State Status Output, in SOT23-5 package",""
"U4, ","1","MCP1700-3002E_SOT23","MCP1700-3002E_SOT23","Package_TO_SOT_SMD:SOT-23","250mA Low Quiscent Current LDO, 3.0V output, SOT-23",""
