<?xml version="1.0" encoding="UTF-8"?>
<export version="E">
  <design>
    <source>/Users/sapelectronic/Desktop/MMTC_TEST/esp32wroom32ubleversion3/esp32wroom32ubleversion3.kicad_sch</source>
    <date>2023 April 04, Tuesday 15:50:57</date>
    <tool>Eeschema (6.0.5-0)</tool>
    <sheet number="1" name="/" tstamps="/">
      <title_block>
        <title>esp32wroom32u ble version3 with lipo</title>
        <company/>
        <rev>Rev-3.0</rev>
        <date>2023-03-30</date>
        <source>esp32wroom32ubleversion3.kicad_sch</source>
        <comment number="1" value="Designed in Thailand"/>
        <comment number="2" value=""/>
        <comment number="3" value=""/>
        <comment number="4" value=""/>
        <comment number="5" value=""/>
        <comment number="6" value=""/>
        <comment number="7" value=""/>
        <comment number="8" value=""/>
        <comment number="9" value=""/>
      </title_block>
    </sheet>
  </design>
  <components>
    <comp ref="C1">
      <value>10uF</value>
      <footprint>Capacitor_SMD:C_0603_1608Metric</footprint>
      <libsource lib="Device" part="C" description="Unpolarized capacitor"/>
      <property name="Sheetname" value=""/>
      <property name="Sheetfile" value="esp32wroom32ubleversion3.kicad_sch"/>
      <sheetpath names="/" tstamps="/"/>
      <tstamps>c037e37c-11bc-4a98-a282-c5f4ac441139</tstamps>
    </comp>
    <comp ref="C2">
      <value>10uF</value>
      <footprint>Capacitor_SMD:C_0603_1608Metric</footprint>
      <libsource lib="Device" part="C" description="Unpolarized capacitor"/>
      <property name="Sheetname" value=""/>
      <property name="Sheetfile" value="esp32wroom32ubleversion3.kicad_sch"/>
      <sheetpath names="/" tstamps="/"/>
      <tstamps>aa60d6e5-64c1-4e2f-9d2d-4c8f57cc23d9</tstamps>
    </comp>
    <comp ref="C3">
      <value>0.1uF</value>
      <footprint>Capacitor_SMD:C_0603_1608Metric</footprint>
      <libsource lib="Device" part="C" description="Unpolarized capacitor"/>
      <property name="Sheetname" value=""/>
      <property name="Sheetfile" value="esp32wroom32ubleversion3.kicad_sch"/>
      <sheetpath names="/" tstamps="/"/>
      <tstamps>1031c0f6-e127-444d-a007-ecacf6c0e3b9</tstamps>
    </comp>
    <comp ref="C4">
      <value>10uf</value>
      <footprint>Capacitor_Tantalum_SMD:CP_EIA-1608-10_AVX-L_Pad1.25x1.05mm_HandSolder</footprint>
      <libsource lib="Device" part="C_Polarized" description="Polarized capacitor"/>
      <property name="Sheetname" value=""/>
      <property name="Sheetfile" value="esp32wroom32ubleversion3.kicad_sch"/>
      <sheetpath names="/" tstamps="/"/>
      <tstamps>4fceae77-3aed-4696-b42f-bded46f79fef</tstamps>
    </comp>
    <comp ref="D1">
      <value>LED_B</value>
      <footprint>LED_SMD:LED_0603_1608Metric</footprint>
      <libsource lib="Device" part="LED" description="Light emitting diode"/>
      <property name="Sheetname" value=""/>
      <property name="Sheetfile" value="esp32wroom32ubleversion3.kicad_sch"/>
      <sheetpath names="/" tstamps="/"/>
      <tstamps>8cee853f-58dc-428f-8111-ee05152d1e94</tstamps>
    </comp>
    <comp ref="D2">
      <value>LED_G</value>
      <footprint>LED_SMD:LED_0603_1608Metric</footprint>
      <libsource lib="Device" part="LED" description="Light emitting diode"/>
      <property name="Sheetname" value=""/>
      <property name="Sheetfile" value="esp32wroom32ubleversion3.kicad_sch"/>
      <sheetpath names="/" tstamps="/"/>
      <tstamps>fac3e6a9-1a46-4f0c-9d75-f6d7491308bf</tstamps>
    </comp>
    <comp ref="D3">
      <value>SS16-E3_5AT</value>
      <footprint>custom_Library:SS16-E3_5AT</footprint>
      <datasheet>http://www.vishay.com/docs/88746/ss12.pdf</datasheet>
      <fields>
        <field name="Description">Vishay SS16-E3/5AT SMT Schottky Diode, 60V 1A, 2-Pin DO-214AC</field>
        <field name="Height">2.29</field>
        <field name="Manufacturer_Name">Vishay</field>
        <field name="Manufacturer_Part_Number">SS16-E3/5AT</field>
        <field name="Mouser Part Number">625-SS16-E3/5AT</field>
        <field name="Mouser Price/Stock">https://www.mouser.co.uk/ProductDetail/Vishay-General-Semiconductor/SS16-E3-5AT?qs=x2jpVgRnAtMkp%252BSHsMGWNQ%3D%3D</field>
      </fields>
      <libsource lib="SS16-E3_5AT" part="SS16-E3_5AT" description=""/>
      <property name="Description" value="Vishay SS16-E3/5AT SMT Schottky Diode, 60V 1A, 2-Pin DO-214AC"/>
      <property name="Height" value="2.29"/>
      <property name="Mouser Part Number" value="625-SS16-E3/5AT"/>
      <property name="Mouser Price/Stock" value="https://www.mouser.co.uk/ProductDetail/Vishay-General-Semiconductor/SS16-E3-5AT?qs=x2jpVgRnAtMkp%252BSHsMGWNQ%3D%3D"/>
      <property name="Manufacturer_Name" value="Vishay"/>
      <property name="Manufacturer_Part_Number" value="SS16-E3/5AT"/>
      <property name="Sheetname" value=""/>
      <property name="Sheetfile" value="esp32wroom32ubleversion3.kicad_sch"/>
      <sheetpath names="/" tstamps="/"/>
      <tstamps>b2737744-77f6-4874-9aab-418f71a84ae0</tstamps>
    </comp>
    <comp ref="D4">
      <value>LED_R</value>
      <footprint>LED_SMD:LED_0603_1608Metric</footprint>
      <libsource lib="Device" part="LED" description="Light emitting diode"/>
      <property name="Sheetname" value=""/>
      <property name="Sheetfile" value="esp32wroom32ubleversion3.kicad_sch"/>
      <sheetpath names="/" tstamps="/"/>
      <tstamps>9844b2d3-aa3b-44ea-aa06-9dcaa40aa15e</tstamps>
    </comp>
    <comp ref="F1">
      <value>Polyfuse</value>
      <footprint>Resistor_SMD:R_1206_3216Metric</footprint>
      <libsource lib="Device" part="Polyfuse" description="Resettable fuse, polymeric positive temperature coefficient"/>
      <property name="Sheetname" value=""/>
      <property name="Sheetfile" value="esp32wroom32ubleversion3.kicad_sch"/>
      <sheetpath names="/" tstamps="/"/>
      <tstamps>beda4695-1b15-4f46-a1be-5151f4816062</tstamps>
    </comp>
    <comp ref="J1">
      <value>USB_B_Micro</value>
      <footprint>Connector_USB:USB_Micro-B_Amphenol_10118194_Horizontal</footprint>
      <libsource lib="Connector" part="USB_B_Micro" description="USB Micro Type B connector"/>
      <property name="Sheetname" value=""/>
      <property name="Sheetfile" value="esp32wroom32ubleversion3.kicad_sch"/>
      <sheetpath names="/" tstamps="/"/>
      <tstamps>d3f9de1a-ed45-433d-a868-01096c6c899c</tstamps>
    </comp>
    <comp ref="J2">
      <value>Conn_01x02</value>
      <footprint>TestPoint:TestPoint_2Pads_Pitch2.54mm_Drill0.8mm</footprint>
      <libsource lib="Connector_Generic" part="Conn_01x02" description="Generic connector, single row, 01x02, script generated (kicad-library-utils/schlib/autogen/connector/)"/>
      <property name="Sheetname" value=""/>
      <property name="Sheetfile" value="esp32wroom32ubleversion3.kicad_sch"/>
      <sheetpath names="/" tstamps="/"/>
      <tstamps>b5ebd4d6-d005-455e-a29b-3919eb1e5c66</tstamps>
    </comp>
    <comp ref="J3">
      <value>Conn_01x02</value>
      <footprint>TestPoint:TestPoint_2Pads_Pitch2.54mm_Drill0.8mm</footprint>
      <libsource lib="Connector_Generic" part="Conn_01x02" description="Generic connector, single row, 01x02, script generated (kicad-library-utils/schlib/autogen/connector/)"/>
      <property name="Sheetname" value=""/>
      <property name="Sheetfile" value="esp32wroom32ubleversion3.kicad_sch"/>
      <sheetpath names="/" tstamps="/"/>
      <tstamps>20059b0c-c421-4703-9f23-d08d6ca76f7b</tstamps>
    </comp>
    <comp ref="J4">
      <value>Conn_01x06</value>
      <footprint>Connector_Molex:Molex_Pico-Lock_504050-0691_1x06-1MP_P1.50mm_Horizontal</footprint>
      <libsource lib="Connector_Generic" part="Conn_01x06" description="Generic connector, single row, 01x06, script generated (kicad-library-utils/schlib/autogen/connector/)"/>
      <property name="Sheetname" value=""/>
      <property name="Sheetfile" value="esp32wroom32ubleversion3.kicad_sch"/>
      <sheetpath names="/" tstamps="/"/>
      <tstamps>143c8136-8eda-4730-8e0e-10000d101cfd</tstamps>
    </comp>
    <comp ref="JP1">
      <value>J_for_powermA</value>
      <footprint>Jumper:SolderJumper-3_P1.3mm_Bridged12_RoundedPad1.0x1.5mm_NumberLabels</footprint>
      <libsource lib="Jumper" part="SolderJumper_3_Bridged12" description="3-pole Solder Jumper, pins 1+2 closed/bridged"/>
      <property name="Sheetname" value=""/>
      <property name="Sheetfile" value="esp32wroom32ubleversion3.kicad_sch"/>
      <sheetpath names="/" tstamps="/"/>
      <tstamps>f4b0dbb7-56ef-4f58-a31f-124254d485e1</tstamps>
    </comp>
    <comp ref="JP2">
      <value>J_for_powerswitch</value>
      <footprint>Button_Switch_SMD:SW_SPDT_PCM12</footprint>
      <libsource lib="Jumper" part="Jumper_2_Bridged" description="Jumper, 2-pole, closed/bridged"/>
      <property name="Sheetname" value=""/>
      <property name="Sheetfile" value="esp32wroom32ubleversion3.kicad_sch"/>
      <sheetpath names="/" tstamps="/"/>
      <tstamps>3477f9a3-12a4-467c-95ff-1046d56c8272</tstamps>
    </comp>
    <comp ref="R1">
      <value>3k33</value>
      <footprint>Resistor_SMD:R_0603_1608Metric</footprint>
      <libsource lib="Device" part="R" description="Resistor"/>
      <property name="Sheetname" value=""/>
      <property name="Sheetfile" value="esp32wroom32ubleversion3.kicad_sch"/>
      <sheetpath names="/" tstamps="/"/>
      <tstamps>c2804381-5262-4a4a-9b6a-fd2862c26fff</tstamps>
    </comp>
    <comp ref="R2">
      <value>2k</value>
      <footprint>Resistor_SMD:R_0603_1608Metric</footprint>
      <libsource lib="Device" part="R" description="Resistor"/>
      <property name="Sheetname" value=""/>
      <property name="Sheetfile" value="esp32wroom32ubleversion3.kicad_sch"/>
      <sheetpath names="/" tstamps="/"/>
      <tstamps>4f2b2c7f-fb4c-4854-ad36-a7b43c1f724e</tstamps>
    </comp>
    <comp ref="R3">
      <value>1k</value>
      <footprint>Resistor_SMD:R_0603_1608Metric</footprint>
      <libsource lib="Device" part="R" description="Resistor"/>
      <property name="Sheetname" value=""/>
      <property name="Sheetfile" value="esp32wroom32ubleversion3.kicad_sch"/>
      <sheetpath names="/" tstamps="/"/>
      <tstamps>cb7ef469-77cf-4d9d-ad23-e268f1bfe084</tstamps>
    </comp>
    <comp ref="R4">
      <value>27k</value>
      <footprint>Resistor_SMD:R_0603_1608Metric</footprint>
      <libsource lib="Device" part="R" description="Resistor"/>
      <property name="Sheetname" value=""/>
      <property name="Sheetfile" value="esp32wroom32ubleversion3.kicad_sch"/>
      <sheetpath names="/" tstamps="/"/>
      <tstamps>a758613d-532f-4c08-a0df-ce40f5259982</tstamps>
    </comp>
    <comp ref="R5">
      <value>1k</value>
      <footprint>Resistor_SMD:R_0603_1608Metric</footprint>
      <libsource lib="Device" part="R" description="Resistor"/>
      <property name="Sheetname" value=""/>
      <property name="Sheetfile" value="esp32wroom32ubleversion3.kicad_sch"/>
      <sheetpath names="/" tstamps="/"/>
      <tstamps>eaf18bbe-d2b3-4429-8fd1-cc6d3676f2c6</tstamps>
    </comp>
    <comp ref="R6">
      <value>10k</value>
      <footprint>Resistor_SMD:R_0603_1608Metric</footprint>
      <libsource lib="Device" part="R" description="Resistor"/>
      <property name="Sheetname" value=""/>
      <property name="Sheetfile" value="esp32wroom32ubleversion3.kicad_sch"/>
      <sheetpath names="/" tstamps="/"/>
      <tstamps>676c195f-40da-4109-804a-1d74fe376160</tstamps>
    </comp>
    <comp ref="R7">
      <value>1k</value>
      <footprint>Resistor_SMD:R_0603_1608Metric</footprint>
      <libsource lib="Device" part="R" description="Resistor"/>
      <property name="Sheetname" value=""/>
      <property name="Sheetfile" value="esp32wroom32ubleversion3.kicad_sch"/>
      <sheetpath names="/" tstamps="/"/>
      <tstamps>6850b060-eb27-4839-9eec-00b58180cf35</tstamps>
    </comp>
    <comp ref="R8">
      <value>10k</value>
      <footprint>Resistor_SMD:R_0603_1608Metric</footprint>
      <libsource lib="Device" part="R" description="Resistor"/>
      <property name="Sheetname" value=""/>
      <property name="Sheetfile" value="esp32wroom32ubleversion3.kicad_sch"/>
      <sheetpath names="/" tstamps="/"/>
      <tstamps>27cc682f-65d7-47ec-8489-100ef9763a68</tstamps>
    </comp>
    <comp ref="R9">
      <value>A9050</value>
      <footprint>Resistor_THT:R_Axial_DIN0309_L9.0mm_D3.2mm_P2.54mm_Vertical</footprint>
      <datasheet>http://cdn-reichelt.de/documents/datenblatt/A500/A90xxxx%23PE.pdf</datasheet>
      <libsource lib="Sensor_Optical" part="A9050" description="light dependent resistor"/>
      <property name="Sheetname" value=""/>
      <property name="Sheetfile" value="esp32wroom32ubleversion3.kicad_sch"/>
      <sheetpath names="/" tstamps="/"/>
      <tstamps>3359c398-2133-45dd-864a-a23964f78068</tstamps>
    </comp>
    <comp ref="R10">
      <value>100k</value>
      <footprint>Resistor_SMD:R_0603_1608Metric</footprint>
      <libsource lib="Device" part="R" description="Resistor"/>
      <property name="Sheetname" value=""/>
      <property name="Sheetfile" value="esp32wroom32ubleversion3.kicad_sch"/>
      <sheetpath names="/" tstamps="/"/>
      <tstamps>da4699b1-132f-43e6-9af3-b51e06f942dd</tstamps>
    </comp>
    <comp ref="S1">
      <value>Reed_sensor</value>
      <footprint>custom_Library:591701T00D</footprint>
      <datasheet>http://www.littelfuse.com/~{/media/electronics/datasheets/reed_switches/littelfuse_reed_switches_59170_datasheet.pdf.pdf}</datasheet>
      <fields>
        <field name="Description">Sub-miniature Overmolded Reed Switch, 2-pin Gull Wing</field>
        <field name="Height">2.417</field>
        <field name="Manufacturer_Name">LITTELFUSE</field>
        <field name="Manufacturer_Part_Number">59170-1-T-00-D</field>
        <field name="Mouser Part Number">934-59170-1-T-00-D</field>
        <field name="Mouser Price/Stock">https://www.mouser.co.uk/ProductDetail/Littelfuse/59170-1-T-00-D?qs=X8LBAgEWIKJS4PcbL0WHqg%3D%3D</field>
      </fields>
      <libsource lib="59170-1-T-00-D" part="59170-1-T-00-D" description=""/>
      <property name="Description" value="Sub-miniature Overmolded Reed Switch, 2-pin Gull Wing"/>
      <property name="Height" value="2.417"/>
      <property name="Mouser Part Number" value="934-59170-1-T-00-D"/>
      <property name="Mouser Price/Stock" value="https://www.mouser.co.uk/ProductDetail/Littelfuse/59170-1-T-00-D?qs=X8LBAgEWIKJS4PcbL0WHqg%3D%3D"/>
      <property name="Manufacturer_Name" value="LITTELFUSE"/>
      <property name="Manufacturer_Part_Number" value="59170-1-T-00-D"/>
      <property name="Sheetname" value=""/>
      <property name="Sheetfile" value="esp32wroom32ubleversion3.kicad_sch"/>
      <sheetpath names="/" tstamps="/"/>
      <tstamps>07d7b0d5-2526-49fd-835b-be590881dbc4</tstamps>
    </comp>
    <comp ref="SW1">
      <value>SW_RST</value>
      <footprint>Button_Switch_SMD:SW_SPST_CK_RS282G05A3</footprint>
      <libsource lib="Switch" part="SW_Push" description="Push button switch, generic, two pins"/>
      <property name="Sheetname" value=""/>
      <property name="Sheetfile" value="esp32wroom32ubleversion3.kicad_sch"/>
      <sheetpath names="/" tstamps="/"/>
      <tstamps>211422d6-a16c-4744-8aa8-65fd01a36f4b</tstamps>
    </comp>
    <comp ref="SW2">
      <value>SW_flash</value>
      <footprint>Button_Switch_SMD:SW_SPST_CK_RS282G05A3</footprint>
      <libsource lib="Switch" part="SW_Push" description="Push button switch, generic, two pins"/>
      <property name="Sheetname" value=""/>
      <property name="Sheetfile" value="esp32wroom32ubleversion3.kicad_sch"/>
      <sheetpath names="/" tstamps="/"/>
      <tstamps>dde7e39e-5852-49a2-845c-8f6f310a6d4d</tstamps>
    </comp>
    <comp ref="U1">
      <value>ESP32-WROOM-32U</value>
      <footprint>RF_Module:ESP32-WROOM-32U</footprint>
      <datasheet>https://www.espressif.com/sites/default/files/documentation/esp32-wroom-32d_esp32-wroom-32u_datasheet_en.pdf</datasheet>
      <libsource lib="RF_Module" part="ESP32-WROOM-32U" description="RF Module, ESP32-D0WD SoC, Wi-Fi 802.11b/g/n, Bluetooth, BLE, 32-bit, 2.7-3.6V, external antenna, SMD"/>
      <property name="Sheetname" value=""/>
      <property name="Sheetfile" value="esp32wroom32ubleversion3.kicad_sch"/>
      <sheetpath names="/" tstamps="/"/>
      <tstamps>9cab534b-5d31-49b1-85b4-b8296b38c80c</tstamps>
    </comp>
    <comp ref="U2">
      <value>MCP73831-2-OT</value>
      <footprint>Package_TO_SOT_SMD:SOT-23-5</footprint>
      <datasheet>http://ww1.microchip.com/downloads/en/DeviceDoc/20001984g.pdf</datasheet>
      <libsource lib="Battery_Management" part="MCP73831-2-OT" description="Single cell, Li-Ion/Li-Po charge management controller, 4.20V, Tri-State Status Output, in SOT23-5 package"/>
      <property name="Sheetname" value=""/>
      <property name="Sheetfile" value="esp32wroom32ubleversion3.kicad_sch"/>
      <sheetpath names="/" tstamps="/"/>
      <tstamps>6fe4e9e4-d0ef-49c1-bd9e-82d093d326b6</tstamps>
    </comp>
    <comp ref="U4">
      <value>MCP1700-3002E_SOT23</value>
      <footprint>Package_TO_SOT_SMD:SOT-23</footprint>
      <datasheet>http://ww1.microchip.com/downloads/en/DeviceDoc/20001826D.pdf</datasheet>
      <libsource lib="Regulator_Linear" part="MCP1700-3002E_SOT23" description="250mA Low Quiscent Current LDO, 3.0V output, SOT-23"/>
      <property name="Sheetname" value=""/>
      <property name="Sheetfile" value="esp32wroom32ubleversion3.kicad_sch"/>
      <sheetpath names="/" tstamps="/"/>
      <tstamps>22601148-a8fe-48dd-b557-2d42546ea929</tstamps>
    </comp>
  </components>
  <libparts>
    <libpart lib="59170-1-T-00-D" part="59170-1-T-00-D">
      <docs>http://www.littelfuse.com/~{/media/electronics/datasheets/reed_switches/littelfuse_reed_switches_59170_datasheet.pdf.pdf}</docs>
      <fields>
        <field name="Reference">S</field>
        <field name="Value">59170-1-T-00-D</field>
        <field name="Footprint">591701T00D</field>
        <field name="Datasheet">http://www.littelfuse.com/~{/media/electronics/datasheets/reed_switches/littelfuse_reed_switches_59170_datasheet.pdf.pdf}</field>
        <field name="Description">Sub-miniature Overmolded Reed Switch, 2-pin Gull Wing</field>
        <field name="Height">2.417</field>
        <field name="Mouser Part Number">934-59170-1-T-00-D</field>
        <field name="Mouser Price/Stock">https://www.mouser.co.uk/ProductDetail/Littelfuse/59170-1-T-00-D?qs=X8LBAgEWIKJS4PcbL0WHqg%3D%3D</field>
        <field name="Manufacturer_Name">LITTELFUSE</field>
        <field name="Manufacturer_Part_Number">59170-1-T-00-D</field>
      </fields>
      <pins>
        <pin num="1" name="1" type="passive"/>
        <pin num="2" name="2" type="passive"/>
      </pins>
    </libpart>
    <libpart lib="Battery_Management" part="MCP73831-2-OT">
      <description>Single cell, Li-Ion/Li-Po charge management controller, 4.20V, Tri-State Status Output, in SOT23-5 package</description>
      <docs>http://ww1.microchip.com/downloads/en/DeviceDoc/20001984g.pdf</docs>
      <footprints>
        <fp>SOT?23*</fp>
      </footprints>
      <fields>
        <field name="Reference">U</field>
        <field name="Value">MCP73831-2-OT</field>
        <field name="Footprint">Package_TO_SOT_SMD:SOT-23-5</field>
        <field name="Datasheet">http://ww1.microchip.com/downloads/en/DeviceDoc/20001984g.pdf</field>
      </fields>
      <pins>
        <pin num="1" name="STAT" type="output"/>
        <pin num="2" name="VSS" type="power_in"/>
        <pin num="3" name="VBAT" type="power_out"/>
        <pin num="4" name="VDD" type="power_in"/>
        <pin num="5" name="PROG" type="input"/>
      </pins>
    </libpart>
    <libpart lib="Connector" part="USB_B_Micro">
      <description>USB Micro Type B connector</description>
      <docs>~</docs>
      <footprints>
        <fp>USB*</fp>
      </footprints>
      <fields>
        <field name="Reference">J</field>
        <field name="Value">USB_B_Micro</field>
        <field name="Datasheet">~</field>
      </fields>
      <pins>
        <pin num="1" name="VBUS" type="power_out"/>
        <pin num="2" name="D-" type="bidirectional"/>
        <pin num="3" name="D+" type="bidirectional"/>
        <pin num="4" name="ID" type="passive"/>
        <pin num="5" name="GND" type="power_out"/>
        <pin num="6" name="Shield" type="passive"/>
      </pins>
    </libpart>
    <libpart lib="Connector_Generic" part="Conn_01x02">
      <description>Generic connector, single row, 01x02, script generated (kicad-library-utils/schlib/autogen/connector/)</description>
      <docs>~</docs>
      <footprints>
        <fp>Connector*:*_1x??_*</fp>
      </footprints>
      <fields>
        <field name="Reference">J</field>
        <field name="Value">Conn_01x02</field>
        <field name="Datasheet">~</field>
      </fields>
      <pins>
        <pin num="1" name="Pin_1" type="passive"/>
        <pin num="2" name="Pin_2" type="passive"/>
      </pins>
    </libpart>
    <libpart lib="Connector_Generic" part="Conn_01x06">
      <description>Generic connector, single row, 01x06, script generated (kicad-library-utils/schlib/autogen/connector/)</description>
      <docs>~</docs>
      <footprints>
        <fp>Connector*:*_1x??_*</fp>
      </footprints>
      <fields>
        <field name="Reference">J</field>
        <field name="Value">Conn_01x06</field>
        <field name="Datasheet">~</field>
      </fields>
      <pins>
        <pin num="1" name="Pin_1" type="passive"/>
        <pin num="2" name="Pin_2" type="passive"/>
        <pin num="3" name="Pin_3" type="passive"/>
        <pin num="4" name="Pin_4" type="passive"/>
        <pin num="5" name="Pin_5" type="passive"/>
        <pin num="6" name="Pin_6" type="passive"/>
      </pins>
    </libpart>
    <libpart lib="Device" part="C">
      <description>Unpolarized capacitor</description>
      <docs>~</docs>
      <footprints>
        <fp>C_*</fp>
      </footprints>
      <fields>
        <field name="Reference">C</field>
        <field name="Value">C</field>
        <field name="Datasheet">~</field>
      </fields>
      <pins>
        <pin num="1" name="" type="passive"/>
        <pin num="2" name="" type="passive"/>
      </pins>
    </libpart>
    <libpart lib="Device" part="C_Polarized">
      <description>Polarized capacitor</description>
      <docs>~</docs>
      <footprints>
        <fp>CP_*</fp>
      </footprints>
      <fields>
        <field name="Reference">C</field>
        <field name="Value">C_Polarized</field>
        <field name="Datasheet">~</field>
      </fields>
      <pins>
        <pin num="1" name="" type="passive"/>
        <pin num="2" name="" type="passive"/>
      </pins>
    </libpart>
    <libpart lib="Device" part="LED">
      <description>Light emitting diode</description>
      <docs>~</docs>
      <footprints>
        <fp>LED*</fp>
        <fp>LED_SMD:*</fp>
        <fp>LED_THT:*</fp>
      </footprints>
      <fields>
        <field name="Reference">D</field>
        <field name="Value">LED</field>
        <field name="Datasheet">~</field>
      </fields>
      <pins>
        <pin num="1" name="K" type="passive"/>
        <pin num="2" name="A" type="passive"/>
      </pins>
    </libpart>
    <libpart lib="Device" part="Polyfuse">
      <description>Resettable fuse, polymeric positive temperature coefficient</description>
      <docs>~</docs>
      <footprints>
        <fp>*polyfuse*</fp>
        <fp>*PTC*</fp>
      </footprints>
      <fields>
        <field name="Reference">F</field>
        <field name="Value">Polyfuse</field>
        <field name="Datasheet">~</field>
      </fields>
      <pins>
        <pin num="1" name="" type="passive"/>
        <pin num="2" name="" type="passive"/>
      </pins>
    </libpart>
    <libpart lib="Device" part="R">
      <description>Resistor</description>
      <docs>~</docs>
      <footprints>
        <fp>R_*</fp>
      </footprints>
      <fields>
        <field name="Reference">R</field>
        <field name="Value">R</field>
        <field name="Datasheet">~</field>
      </fields>
      <pins>
        <pin num="1" name="" type="passive"/>
        <pin num="2" name="" type="passive"/>
      </pins>
    </libpart>
    <libpart lib="Jumper" part="Jumper_2_Bridged">
      <description>Jumper, 2-pole, closed/bridged</description>
      <docs>~</docs>
      <footprints>
        <fp>Jumper*</fp>
        <fp>TestPoint*2Pads*</fp>
        <fp>TestPoint*Bridge*</fp>
      </footprints>
      <fields>
        <field name="Reference">JP</field>
        <field name="Value">Jumper_2_Bridged</field>
        <field name="Datasheet">~</field>
      </fields>
      <pins>
        <pin num="1" name="A" type="passive"/>
        <pin num="2" name="B" type="passive"/>
      </pins>
    </libpart>
    <libpart lib="Jumper" part="SolderJumper_3_Bridged12">
      <description>3-pole Solder Jumper, pins 1+2 closed/bridged</description>
      <docs>~</docs>
      <footprints>
        <fp>SolderJumper*Bridged12*</fp>
      </footprints>
      <fields>
        <field name="Reference">JP</field>
        <field name="Value">SolderJumper_3_Bridged12</field>
        <field name="Datasheet">~</field>
      </fields>
      <pins>
        <pin num="1" name="A" type="passive"/>
        <pin num="2" name="C" type="passive"/>
        <pin num="3" name="B" type="passive"/>
      </pins>
    </libpart>
    <libpart lib="RF_Module" part="ESP32-WROOM-32U">
      <description>RF Module, ESP32-D0WD SoC, Wi-Fi 802.11b/g/n, Bluetooth, BLE, 32-bit, 2.7-3.6V, external antenna, SMD</description>
      <docs>https://www.espressif.com/sites/default/files/documentation/esp32-wroom-32d_esp32-wroom-32u_datasheet_en.pdf</docs>
      <footprints>
        <fp>ESP32?WROOM?32U*</fp>
      </footprints>
      <fields>
        <field name="Reference">U</field>
        <field name="Value">ESP32-WROOM-32U</field>
        <field name="Footprint">RF_Module:ESP32-WROOM-32U</field>
        <field name="Datasheet">https://www.espressif.com/sites/default/files/documentation/esp32-wroom-32d_esp32-wroom-32u_datasheet_en.pdf</field>
      </fields>
      <pins>
        <pin num="1" name="GND" type="power_in"/>
        <pin num="2" name="VDD" type="power_in"/>
        <pin num="3" name="EN" type="input"/>
        <pin num="4" name="SENSOR_VP" type="input"/>
        <pin num="5" name="SENSOR_VN" type="input"/>
        <pin num="6" name="IO34" type="input"/>
        <pin num="7" name="IO35" type="input"/>
        <pin num="8" name="IO32" type="bidirectional"/>
        <pin num="9" name="IO33" type="bidirectional"/>
        <pin num="10" name="IO25" type="bidirectional"/>
        <pin num="11" name="IO26" type="bidirectional"/>
        <pin num="12" name="IO27" type="bidirectional"/>
        <pin num="13" name="IO14" type="bidirectional"/>
        <pin num="14" name="IO12" type="bidirectional"/>
        <pin num="15" name="GND" type="passive"/>
        <pin num="16" name="IO13" type="bidirectional"/>
        <pin num="17" name="SHD/SD2" type="bidirectional"/>
        <pin num="18" name="SWP/SD3" type="bidirectional"/>
        <pin num="19" name="SCS/CMD" type="bidirectional"/>
        <pin num="20" name="SCK/CLK" type="bidirectional"/>
        <pin num="21" name="SDO/SD0" type="bidirectional"/>
        <pin num="22" name="SDI/SD1" type="bidirectional"/>
        <pin num="23" name="IO15" type="bidirectional"/>
        <pin num="24" name="IO2" type="bidirectional"/>
        <pin num="25" name="IO0" type="bidirectional"/>
        <pin num="26" name="IO4" type="bidirectional"/>
        <pin num="27" name="IO16" type="bidirectional"/>
        <pin num="28" name="IO17" type="bidirectional"/>
        <pin num="29" name="IO5" type="bidirectional"/>
        <pin num="30" name="IO18" type="bidirectional"/>
        <pin num="31" name="IO19" type="bidirectional"/>
        <pin num="32" name="NC" type="no_connect"/>
        <pin num="33" name="IO21" type="bidirectional"/>
        <pin num="34" name="RXD0/IO3" type="bidirectional"/>
        <pin num="35" name="TXD0/IO1" type="bidirectional"/>
        <pin num="36" name="IO22" type="bidirectional"/>
        <pin num="37" name="IO23" type="bidirectional"/>
        <pin num="38" name="GND" type="passive"/>
        <pin num="39" name="GND" type="passive"/>
      </pins>
    </libpart>
    <libpart lib="Regulator_Linear" part="MCP1700-3002E_SOT23">
      <description>250mA Low Quiscent Current LDO, 3.0V output, SOT-23</description>
      <docs>http://ww1.microchip.com/downloads/en/DeviceDoc/20001826D.pdf</docs>
      <footprints>
        <fp>SOT?23*</fp>
      </footprints>
      <fields>
        <field name="Reference">U</field>
        <field name="Value">MCP1700-3002E_SOT23</field>
        <field name="Footprint">Package_TO_SOT_SMD:SOT-23</field>
        <field name="Datasheet">http://ww1.microchip.com/downloads/en/DeviceDoc/20001826D.pdf</field>
      </fields>
      <pins>
        <pin num="1" name="GND" type="power_in"/>
        <pin num="2" name="VO" type="power_out"/>
        <pin num="3" name="VI" type="power_in"/>
      </pins>
    </libpart>
    <libpart lib="SS16-E3_5AT" part="SS16-E3_5AT">
      <docs>http://www.vishay.com/docs/88746/ss12.pdf</docs>
      <fields>
        <field name="Reference">D</field>
        <field name="Value">SS16-E3_5AT</field>
        <field name="Footprint">DIOM5127X229N</field>
        <field name="Datasheet">http://www.vishay.com/docs/88746/ss12.pdf</field>
        <field name="Description">Vishay SS16-E3/5AT SMT Schottky Diode, 60V 1A, 2-Pin DO-214AC</field>
        <field name="Height">2.29</field>
        <field name="Mouser Part Number">625-SS16-E3/5AT</field>
        <field name="Mouser Price/Stock">https://www.mouser.co.uk/ProductDetail/Vishay-General-Semiconductor/SS16-E3-5AT?qs=x2jpVgRnAtMkp%252BSHsMGWNQ%3D%3D</field>
        <field name="Manufacturer_Name">Vishay</field>
        <field name="Manufacturer_Part_Number">SS16-E3/5AT</field>
      </fields>
      <pins>
        <pin num="1" name="" type="passive"/>
        <pin num="2" name="" type="passive"/>
      </pins>
    </libpart>
    <libpart lib="Sensor_Optical" part="A9050">
      <description>light dependent resistor</description>
      <docs>http://cdn-reichelt.de/documents/datenblatt/A500/A90xxxx%23PE.pdf</docs>
      <footprints>
        <fp>R*LDR*5.0x4.1mm*P3mm*</fp>
      </footprints>
      <fields>
        <field name="Reference">R</field>
        <field name="Value">A9050</field>
        <field name="Footprint">OptoDevice:R_LDR_5.0x4.1mm_P3mm_Vertical</field>
        <field name="Datasheet">http://cdn-reichelt.de/documents/datenblatt/A500/A90xxxx%23PE.pdf</field>
      </fields>
      <pins>
        <pin num="1" name="" type="passive"/>
        <pin num="2" name="" type="passive"/>
      </pins>
    </libpart>
    <libpart lib="Switch" part="SW_Push">
      <description>Push button switch, generic, two pins</description>
      <docs>~</docs>
      <fields>
        <field name="Reference">SW</field>
        <field name="Value">SW_Push</field>
        <field name="Datasheet">~</field>
      </fields>
      <pins>
        <pin num="1" name="1" type="passive"/>
        <pin num="2" name="2" type="passive"/>
      </pins>
    </libpart>
  </libparts>
  <libraries>
    <library logical="59170-1-T-00-D">
      <uri>/Users/sapelectronic/Documents/KiCad/6.0/symbols/59170-1-T-00-D.kicad_sym</uri>
    </library>
    <library logical="Battery_Management">
      <uri>/Applications/KiCad/KiCad.app/Contents/SharedSupport/symbols//Battery_Management.kicad_sym</uri>
    </library>
    <library logical="Connector">
      <uri>/Applications/KiCad/KiCad.app/Contents/SharedSupport/symbols//Connector.kicad_sym</uri>
    </library>
    <library logical="Connector_Generic">
      <uri>/Applications/KiCad/KiCad.app/Contents/SharedSupport/symbols//Connector_Generic.kicad_sym</uri>
    </library>
    <library logical="Device">
      <uri>/Applications/KiCad/KiCad.app/Contents/SharedSupport/symbols//Device.kicad_sym</uri>
    </library>
    <library logical="Jumper">
      <uri>/Applications/KiCad/KiCad.app/Contents/SharedSupport/symbols//Jumper.kicad_sym</uri>
    </library>
    <library logical="RF_Module">
      <uri>/Applications/KiCad/KiCad.app/Contents/SharedSupport/symbols//RF_Module.kicad_sym</uri>
    </library>
    <library logical="Regulator_Linear">
      <uri>/Applications/KiCad/KiCad.app/Contents/SharedSupport/symbols//Regulator_Linear.kicad_sym</uri>
    </library>
    <library logical="SS16-E3_5AT">
      <uri>/Users/sapelectronic/Documents/KiCad/6.0/symbols/SS16-E3_5AT.kicad_sym</uri>
    </library>
    <library logical="Sensor_Optical">
      <uri>/Applications/KiCad/KiCad.app/Contents/SharedSupport/symbols//Sensor_Optical.kicad_sym</uri>
    </library>
    <library logical="Switch">
      <uri>/Applications/KiCad/KiCad.app/Contents/SharedSupport/symbols//Switch.kicad_sym</uri>
    </library>
  </libraries>
  <nets>
    <net code="1" name="+3V3">
      <node ref="C4" pin="1" pintype="passive"/>
      <node ref="J4" pin="6" pinfunction="Pin_6" pintype="passive"/>
      <node ref="R6" pin="1" pintype="passive"/>
      <node ref="U1" pin="2" pinfunction="VDD" pintype="power_in"/>
      <node ref="U4" pin="2" pinfunction="VO" pintype="power_out"/>
    </net>
    <net code="2" name="+5V">
      <node ref="D3" pin="2" pintype="passive"/>
      <node ref="F1" pin="1" pintype="passive"/>
    </net>
    <net code="3" name="BATT_LEVEL">
      <node ref="R10" pin="1" pintype="passive"/>
      <node ref="R4" pin="2" pintype="passive"/>
      <node ref="U1" pin="33" pinfunction="IO21" pintype="bidirectional"/>
    </net>
    <net code="4" name="EN">
      <node ref="J4" pin="2" pinfunction="Pin_2" pintype="passive"/>
      <node ref="R6" pin="2" pintype="passive"/>
      <node ref="SW1" pin="2" pinfunction="2" pintype="passive"/>
      <node ref="U1" pin="3" pinfunction="EN" pintype="input"/>
    </net>
    <net code="5" name="Flash">
      <node ref="J4" pin="1" pinfunction="Pin_1" pintype="passive"/>
      <node ref="SW2" pin="2" pinfunction="2" pintype="passive"/>
      <node ref="U1" pin="25" pinfunction="IO0" pintype="bidirectional"/>
    </net>
    <net code="6" name="GND">
      <node ref="C1" pin="1" pintype="passive"/>
      <node ref="C2" pin="1" pintype="passive"/>
      <node ref="C3" pin="1" pintype="passive"/>
      <node ref="C4" pin="2" pintype="passive"/>
      <node ref="D1" pin="1" pinfunction="K" pintype="passive"/>
      <node ref="D4" pin="1" pinfunction="K" pintype="passive"/>
      <node ref="J1" pin="5" pinfunction="GND" pintype="power_out"/>
      <node ref="J1" pin="6" pinfunction="Shield" pintype="passive"/>
      <node ref="J2" pin="2" pinfunction="Pin_2" pintype="passive"/>
      <node ref="J3" pin="2" pinfunction="Pin_2" pintype="passive"/>
      <node ref="J4" pin="3" pinfunction="Pin_3" pintype="passive"/>
      <node ref="JP1" pin="2" pinfunction="C" pintype="passive"/>
      <node ref="R10" pin="2" pintype="passive"/>
      <node ref="R9" pin="2" pintype="passive"/>
      <node ref="S1" pin="2" pinfunction="2" pintype="passive"/>
      <node ref="SW1" pin="1" pinfunction="1" pintype="passive"/>
      <node ref="SW2" pin="1" pinfunction="1" pintype="passive"/>
      <node ref="U1" pin="1" pinfunction="GND" pintype="power_in"/>
      <node ref="U1" pin="15" pinfunction="GND" pintype="passive"/>
      <node ref="U1" pin="38" pinfunction="GND" pintype="passive"/>
      <node ref="U1" pin="39" pinfunction="GND" pintype="passive"/>
      <node ref="U2" pin="2" pinfunction="VSS" pintype="power_in"/>
      <node ref="U4" pin="1" pinfunction="GND" pintype="power_in"/>
    </net>
    <net code="7" name="Net-(C1-Pad2)">
      <node ref="C1" pin="2" pintype="passive"/>
      <node ref="D3" pin="1" pintype="passive"/>
      <node ref="R5" pin="1" pintype="passive"/>
      <node ref="U2" pin="4" pinfunction="VDD" pintype="power_in"/>
    </net>
    <net code="8" name="Net-(C2-Pad2)">
      <node ref="C2" pin="2" pintype="passive"/>
      <node ref="J2" pin="1" pinfunction="Pin_1" pintype="passive"/>
      <node ref="J3" pin="1" pinfunction="Pin_1" pintype="passive"/>
      <node ref="JP2" pin="1" pinfunction="A" pintype="passive"/>
      <node ref="U2" pin="3" pinfunction="VBAT" pintype="power_out"/>
    </net>
    <net code="9" name="Net-(D1-Pad2)">
      <node ref="D1" pin="2" pinfunction="A" pintype="passive"/>
      <node ref="R3" pin="2" pintype="passive"/>
    </net>
    <net code="10" name="Net-(D2-Pad1)">
      <node ref="D2" pin="1" pinfunction="K" pintype="passive"/>
      <node ref="R3" pin="1" pintype="passive"/>
      <node ref="U2" pin="1" pinfunction="STAT" pintype="output"/>
    </net>
    <net code="11" name="Net-(D4-Pad2)">
      <node ref="D4" pin="2" pinfunction="A" pintype="passive"/>
      <node ref="R7" pin="2" pintype="passive"/>
    </net>
    <net code="12" name="Net-(J1-Pad1)">
      <node ref="F1" pin="2" pintype="passive"/>
      <node ref="J1" pin="1" pinfunction="VBUS" pintype="power_out"/>
    </net>
    <net code="13" name="Net-(JP1-Pad1)">
      <node ref="JP1" pin="1" pinfunction="A" pintype="passive"/>
      <node ref="R1" pin="2" pintype="passive"/>
    </net>
    <net code="14" name="Net-(JP1-Pad3)">
      <node ref="JP1" pin="3" pinfunction="B" pintype="passive"/>
      <node ref="R2" pin="2" pintype="passive"/>
    </net>
    <net code="15" name="Net-(R1-Pad1)">
      <node ref="R1" pin="1" pintype="passive"/>
      <node ref="R2" pin="1" pintype="passive"/>
      <node ref="U2" pin="5" pinfunction="PROG" pintype="input"/>
    </net>
    <net code="16" name="Net-(R5-Pad2)">
      <node ref="D2" pin="2" pinfunction="A" pintype="passive"/>
      <node ref="R5" pin="2" pintype="passive"/>
    </net>
    <net code="17" name="Net-(R7-Pad1)">
      <node ref="R7" pin="1" pintype="passive"/>
      <node ref="U1" pin="13" pinfunction="IO14" pintype="bidirectional"/>
    </net>
    <net code="18" name="Net-(R8-Pad1)">
      <node ref="R8" pin="1" pintype="passive"/>
      <node ref="R9" pin="1" pintype="passive"/>
      <node ref="U1" pin="10" pinfunction="IO25" pintype="bidirectional"/>
    </net>
    <net code="19" name="Net-(S1-Pad1)">
      <node ref="S1" pin="1" pinfunction="1" pintype="passive"/>
      <node ref="U1" pin="12" pinfunction="IO27" pintype="bidirectional"/>
    </net>
    <net code="20" name="RX_from_cp2102">
      <node ref="J4" pin="4" pinfunction="Pin_4" pintype="passive"/>
      <node ref="U1" pin="35" pinfunction="TXD0/IO1" pintype="bidirectional"/>
    </net>
    <net code="21" name="TX_from_cp2102">
      <node ref="J4" pin="5" pinfunction="Pin_5" pintype="passive"/>
      <node ref="U1" pin="34" pinfunction="RXD0/IO3" pintype="bidirectional"/>
    </net>
    <net code="22" name="VCC">
      <node ref="C3" pin="2" pintype="passive"/>
      <node ref="JP2" pin="2" pinfunction="B" pintype="passive"/>
      <node ref="R4" pin="1" pintype="passive"/>
      <node ref="R8" pin="2" pintype="passive"/>
      <node ref="U4" pin="3" pinfunction="VI" pintype="power_in"/>
    </net>
    <net code="23" name="unconnected-(J1-Pad2)">
      <node ref="J1" pin="2" pinfunction="D-" pintype="bidirectional+no_connect"/>
    </net>
    <net code="24" name="unconnected-(J1-Pad3)">
      <node ref="J1" pin="3" pinfunction="D+" pintype="bidirectional+no_connect"/>
    </net>
    <net code="25" name="unconnected-(J1-Pad4)">
      <node ref="J1" pin="4" pinfunction="ID" pintype="passive+no_connect"/>
    </net>
    <net code="26" name="unconnected-(U1-Pad4)">
      <node ref="U1" pin="4" pinfunction="SENSOR_VP" pintype="input+no_connect"/>
    </net>
    <net code="27" name="unconnected-(U1-Pad5)">
      <node ref="U1" pin="5" pinfunction="SENSOR_VN" pintype="input+no_connect"/>
    </net>
    <net code="28" name="unconnected-(U1-Pad6)">
      <node ref="U1" pin="6" pinfunction="IO34" pintype="input+no_connect"/>
    </net>
    <net code="29" name="unconnected-(U1-Pad7)">
      <node ref="U1" pin="7" pinfunction="IO35" pintype="input+no_connect"/>
    </net>
    <net code="30" name="unconnected-(U1-Pad8)">
      <node ref="U1" pin="8" pinfunction="IO32" pintype="bidirectional+no_connect"/>
    </net>
    <net code="31" name="unconnected-(U1-Pad9)">
      <node ref="U1" pin="9" pinfunction="IO33" pintype="bidirectional+no_connect"/>
    </net>
    <net code="32" name="unconnected-(U1-Pad11)">
      <node ref="U1" pin="11" pinfunction="IO26" pintype="bidirectional+no_connect"/>
    </net>
    <net code="33" name="unconnected-(U1-Pad14)">
      <node ref="U1" pin="14" pinfunction="IO12" pintype="bidirectional+no_connect"/>
    </net>
    <net code="34" name="unconnected-(U1-Pad16)">
      <node ref="U1" pin="16" pinfunction="IO13" pintype="bidirectional+no_connect"/>
    </net>
    <net code="35" name="unconnected-(U1-Pad17)">
      <node ref="U1" pin="17" pinfunction="SHD/SD2" pintype="bidirectional+no_connect"/>
    </net>
    <net code="36" name="unconnected-(U1-Pad18)">
      <node ref="U1" pin="18" pinfunction="SWP/SD3" pintype="bidirectional+no_connect"/>
    </net>
    <net code="37" name="unconnected-(U1-Pad19)">
      <node ref="U1" pin="19" pinfunction="SCS/CMD" pintype="bidirectional+no_connect"/>
    </net>
    <net code="38" name="unconnected-(U1-Pad20)">
      <node ref="U1" pin="20" pinfunction="SCK/CLK" pintype="bidirectional+no_connect"/>
    </net>
    <net code="39" name="unconnected-(U1-Pad21)">
      <node ref="U1" pin="21" pinfunction="SDO/SD0" pintype="bidirectional+no_connect"/>
    </net>
    <net code="40" name="unconnected-(U1-Pad22)">
      <node ref="U1" pin="22" pinfunction="SDI/SD1" pintype="bidirectional+no_connect"/>
    </net>
    <net code="41" name="unconnected-(U1-Pad23)">
      <node ref="U1" pin="23" pinfunction="IO15" pintype="bidirectional+no_connect"/>
    </net>
    <net code="42" name="unconnected-(U1-Pad24)">
      <node ref="U1" pin="24" pinfunction="IO2" pintype="bidirectional+no_connect"/>
    </net>
    <net code="43" name="unconnected-(U1-Pad26)">
      <node ref="U1" pin="26" pinfunction="IO4" pintype="bidirectional+no_connect"/>
    </net>
    <net code="44" name="unconnected-(U1-Pad27)">
      <node ref="U1" pin="27" pinfunction="IO16" pintype="bidirectional+no_connect"/>
    </net>
    <net code="45" name="unconnected-(U1-Pad28)">
      <node ref="U1" pin="28" pinfunction="IO17" pintype="bidirectional+no_connect"/>
    </net>
    <net code="46" name="unconnected-(U1-Pad29)">
      <node ref="U1" pin="29" pinfunction="IO5" pintype="bidirectional+no_connect"/>
    </net>
    <net code="47" name="unconnected-(U1-Pad30)">
      <node ref="U1" pin="30" pinfunction="IO18" pintype="bidirectional+no_connect"/>
    </net>
    <net code="48" name="unconnected-(U1-Pad31)">
      <node ref="U1" pin="31" pinfunction="IO19" pintype="bidirectional+no_connect"/>
    </net>
    <net code="49" name="unconnected-(U1-Pad32)">
      <node ref="U1" pin="32" pinfunction="NC" pintype="no_connect"/>
    </net>
    <net code="50" name="unconnected-(U1-Pad36)">
      <node ref="U1" pin="36" pinfunction="IO22" pintype="bidirectional+no_connect"/>
    </net>
    <net code="51" name="unconnected-(U1-Pad37)">
      <node ref="U1" pin="37" pinfunction="IO23" pintype="bidirectional+no_connect"/>
    </net>
  </nets>
</export>
